g0,L2norm
0.05,5.7062263727
0.050370182162,5.7056365876
0.050647703366,5.7051962872
0.051063799536,5.7045391146
0.0516875257,5.7035607367
0.0526106409,5.7021275877
0.053532651134,5.7007139286
0.054453554119,5.6993197899
0.055373347599,5.6979452017
0.056292029351,5.6965901935
0.057209597181,5.6952547943
0.058126048928,5.6939390327
0.059041382458,5.6926429369
0.059955595671,5.6913665345
0.060868686496,5.6901098527
0.061780652893,5.6888729182
0.062691492853,5.6876557572
0.063601204395,5.6864583954
0.064509785572,5.6852808582
0.065417234464,5.6841231704
0.066323549184,5.6829853563
0.067228727873,5.6818674397
0.068132768705,5.6807694442
0.069035669881,5.6796913925
0.069937429634,5.6786333071
0.070838046227,5.67759521
0.071737517951,5.6765771228
0.07263584313,5.6755790665
0.073533020116,5.6746010616
0.07442904729,5.6736431282
0.075323923064,5.6727052859
0.07621764588,5.6717875541
0.077110214207,5.6708899512
0.078001626546,5.6700124956
0.078891881426,5.669155205
0.079780977405,5.6683180967
0.080668913071,5.6675011875
0.081555687042,5.6667044939
0.082441297961,5.6659280317
0.083325744504,5.6651718164
0.084209025374,5.6644358629
0.085091139303,5.6637201858
0.08597208505,5.6630247991
0.086851861404,5.6623497165
0.087730467182,5.6616949511
0.088607901228,5.6610605155
0.089484162417,5.6604464221
0.090359249648,5.6598526826
0.091233161851,5.6592793084
0.092105897982,5.6587263103
0.092977457025,5.6581936987
0.09384783799,5.6576814837
0.094717039917,5.6571896748
0.095585061872,5.6567182811
0.096451902946,5.6562673111
0.097317562261,5.6558367732
0.098182038961,5.6554266751
0.099045332221,5.6550370242
0.099907441239,5.6546678272
0.10076836524,5.6543190906
0.10162810348,5.6539908205
0.10248665523,5.6536830225
0.1033440198,5.6533957016
0.10420019652,5.6531288626
0.10505518474,5.6528825097
0.10590898385,5.652656647
0.10676159324,5.6524512776
0.10761301235,5.6522664048
0.10846324064,5.652102031
0.10931227759,5.6519581585
0.11016012269,5.6518347889
0.11100677549,5.6517319236
0.11185223554,5.6516495636
0.11269650241,5.6515877092
0.11353957571,5.6515463607
0.11438145506,5.6515255177
0.11522214011,5.6515251795
0.11606163054,5.6515453449
0.11689992604,5.6515860124
0.11773702634,5.6516471801
0.11857293117,5.6517288457
0.11940764031,5.6518310064
0.12024115353,5.651953659
0.12107347066,5.6520968001
0.12190459152,5.6522604258
0.12273451598,5.6524445317
0.1235632439,5.6526491132
0.12439077518,5.6528741652
0.12521710976,5.6531196822
0.12604224757,5.6533856584
0.12686618857,5.6536720877
0.12768893274,5.6539789633
0.12851048011,5.6543062783
0.12933083068,5.6546540255
0.13014998452,5.655022197
0.13096794168,5.6554107849
0.13178470225,5.6558197806
0.13260026635,5.6562491755
0.13341463409,5.6566989602
0.13422780563,5.6571691253
0.13503978113,5.657659661
0.13585056079,5.6581705569
0.1366601448,5.6587018025
0.13746853338,5.6592533869
0.1382757268,5.6598252988
0.13908172529,5.6604175266
0.13988652915,5.6610300583
0.14069013868,5.6616628816
0.14149255418,5.6623159838
0.142293776,5.662989352
0.14309380448,5.6636829728
0.14389264001,5.6643968327
0.14469028295,5.6651309176
0.14548673373,5.6658852133
0.14628199275,5.6666597051
0.14707606046,5.667454378
0.14786893732,5.668269217
0.14866062379,5.6691042062
0.14945112036,5.6699593299
0.15024042754,5.6708345719
0.15102854584,5.6717299156
0.15181547581,5.6726453443
0.15260121798,5.6735808407
0.15338577294,5.6745363876
0.15416914126,5.6755119671
0.15495132353,5.6765075612
0.15573232038,5.6775231516
0.15651213242,5.6785587198
0.15729076029,5.6796142468
0.15806820466,5.6806897134
0.15884446619,5.6817851001
0.15961954557,5.6829003872
0.16039344348,5.6840355547
0.16116616065,5.6851905823
0.1619376978,5.6863654493
0.16270805567,5.6875601349
0.163477235,5.688774618
0.16424523656,5.6900088771
0.16501206114,5.6912628907
0.1657777095,5.6925366367
0.16654218247,5.693830093
0.16730548085,5.6951432371
0.16806760547,5.6964760463
0.16882855717,5.6978284977
0.1695883368,5.6992005681
0.17034694521,5.7005922339
0.17110438329,5.7020034715
0.17186065192,5.7034342569
0.17261575199,5.704884566
0.17336968441,5.7063543742
0.1741224501,5.7078436569
0.17487404998,5.7093523892
0.175624485,5.710880546
0.1763737561,5.7124281018
0.17712186424,5.7139950312
0.17786881039,5.7155813082
0.17861459553,5.7171869067
0.17935922065,5.7188118006
0.18010268675,5.7204559634
0.18084499483,5.7221193682
0.18158614591,5.7238019882
0.18232614102,5.7255037963
0.18306498119,5.7272247651
0.18380266746,5.728964867
0.18453920089,5.7307240743
0.18527458254,5.732502359
0.18600881347,5.734299693
0.18674189476,5.7361160479
0.18747382751,5.737951395
0.18820461279,5.7398057057
0.18893425171,5.7416789511
0.18966274538,5.7435711018
0.19039009492,5.7454821288
0.19111630144,5.7474120023
0.19184136608,5.7493606927
0.19256528998,5.7513281701
0.19328807427,5.7533144045
0.1940097201,5.7553193656
0.19473022864,5.757343023
0.19544960105,5.7593853461
0.19616783849,5.7614463042
0.19688494215,5.7635258662
0.1976009132,5.7656240011
0.19831575283,5.7677406777
0.19902946223,5.7698758644
0.1997420426,5.7720295298
0.20045349515,5.774201642
0.20116382109,5.7763921691
0.20187302163,5.7786010792
0.20258109798,5.7808283398
0.20328805138,5.7830739187
0.20399388306,5.7853377834
0.20469859424,5.7876199011
0.20540218616,5.7899202391
0.20610466007,5.7922387644
0.20680601722,5.7945754438
0.20750625885,5.7969302442
0.20820538622,5.7993031321
0.20890340059,5.8016940741
0.20960030322,5.8041030364
0.21029609538,5.8065299852
0.21099077834,5.8089748867
0.21168435337,5.8114377068
0.21237682174,5.8139184112
0.21306818474,5.8164169657
0.21375844364,5.8189333359
0.21444759974,5.8214674871
0.21513565432,5.8240193847
0.21582260867,5.8265889938
0.21650846409,5.8291762796
0.21719322186,5.8317812071
0.2178768833,5.8344037409
0.21855944968,5.837043846
0.21924092233,5.8397014868
0.21992130254,5.8423766279
0.22060059162,5.8450692338
0.22127879088,5.8477792685
0.22195590161,5.8505066965
0.22263192515,5.8532514816
0.22330686279,5.856013588
0.22398071585,5.8587929794
0.22465348564,5.8615896197
0.22532517348,5.8644034724
0.22599578068,5.8672345012
0.22666530857,5.8700826695
0.22733375845,5.8729479407
0.22800113166,5.8758302781
0.22866742949,5.8787296448
0.22933265328,5.8816460041
0.22999680435,5.8845793188
0.23065988401,5.8875295518
0.23132189358,5.8904966661
0.23198283438,5.8934806243
0.23264270773,5.8964813891
0.23330151495,5.8994989231
0.23395925736,5.9025331887
0.23461593628,5.9055841483
0.23527155302,5.9086517644
0.23592610891,5.911735999
0.23657960525,5.9148368143
0.23723204336,5.9179541725
0.23788342456,5.9210880356
0.23853375016,5.9242383654
0.23918302148,5.9274051238
0.23983123981,5.9305882726
0.24047840648,5.9337877735
0.2411245228,5.9370035881
0.24176959006,5.9402356779
0.24241360957,5.9434840045
0.24305658264,5.9467485292
0.24369851056,5.9500292134
0.24433939464,5.9533260184
0.24497923618,5.9566389053
0.24561803646,5.9599678353
0.24625579679,5.9633127695
0.24689251845,5.9666736688
0.24752820273,5.9700504942
0.24816285092,5.9734432066
0.2487964643,5.9768517667
0.24942904414,5.9802761353
0.25006059174,5.9837162731
0.25069110836,5.9871721406
0.25132059527,5.9906436984
0.25194905375,5.9941309071
0.25257648506,5.9976337269
0.25320289045,6.0011521183
0.2538282712,6.0046860416
0.25445262855,6.0082354569
0.25507596377,6.0118003246
0.25569827809,6.0153806046
0.25631957276,6.018976257
0.25693984902,6.0225872419
0.25755910811,6.0262135191
0.25817735126,6.0298550485
0.25879457971,6.0335117899
0.25941079467,6.0371837031
0.26002599737,6.0408707477
0.26064018902,6.0445728834
0.26125337084,6.0482900698
0.26186554403,6.0520222663
0.26247670979,6.0557694323
0.26308686933,6.0595315274
0.26369602383,6.0633085107
0.26430417448,6.0671003416
0.26491132248,6.0709069792
0.26551746898,6.0747283828
0.26612261518,6.0785645113
0.26672676223,6.0824153237
0.2673299113,6.0862807791
0.26793206355,6.0901608363
0.26853322012,6.0940554542
0.26913338217,6.0979645914
0.26973255083,6.1018882068
0.27033072723,6.1058262588
0.27092791251,6.1097787061
0.27152410778,6.1137455073
0.27211931417,6.1177266206
0.27271353278,6.1217220045
0.27330676472,6.1257316172
0.27389901108,6.1297554171
0.27449027296,6.1337933621
0.27508055143,6.1378454105
0.27566984759,6.1419115202
0.27625816248,6.1459916492
0.27684549719,6.1500857553
0.27743185277,6.1541937963
0.27801723026,6.15831573
0.27860163071,6.1624515139
0.27918505516,6.1666011056
0.27976750463,6.1707644625
0.28034898014,6.1749415422
0.2809294827,6.1791323018
0.28150901333,6.1833366987
0.28208757302,6.1875546898
0.28266516275,6.1917862324
0.28324178351,6.1960312834
0.28381743628,6.2002897996
0.28439212201,6.2045617378
0.28496584166,6.2088470547
0.28553859619,6.213145707
0.28611038653,6.2174576511
0.28668121361,6.2217828433
0.28725107835,6.2261212401
0.28781998167,6.2304727976
0.28838792448,6.2348374719
0.28895490766,6.239215219
0.28952093211,6.2436059947
0.2900859987,6.2480097549
0.29065010829,6.2524264552
0.29121326175,6.2568560511
0.29177545992,6.261298498
0.29233670364,6.2657537513
0.29289699374,6.2702217661
0.29345633104,6.2747024975
0.29401471634,6.2791959004
0.29457215044,6.2837019296
0.29512863413,6.2882205398
0.29568416818,6.2927516855
0.29623875337,6.2972953211
0.29679239044,6.3018514008
0.29734508013,6.3064198788
0.29789682319,6.3110007089
0.29844762033,6.3155938451
0.29899747226,6.3201992409
0.29954637969,6.3248168499
0.30009434328,6.3294466254
0.30064136373,6.3340885205
0.30118744169,6.3387424883
0.30173257782,6.3434084816
0.30227677275,6.3480864531
0.3028200271,6.3527763553
0.3033623415,6.3574781403
0.30390371653,6.3621917605
0.3044441528,6.3669171676
0.30498365087,6.3716543135
0.30552221129,6.3764031496
0.30605983463,6.3811636274
0.30659652142,6.3859356978
0.30713227217,6.3907193119
0.30766708739,6.3955144203
0.30820096757,6.4003209736
0.30873391319,6.4051389219
0.30926592471,6.4099682154
0.30979700259,6.4148088037
0.31032714725,6.4196606366
0.31085635911,6.4245236632
0.31138463858,6.4293978327
0.31191198605,6.4342830939
0.31243840188,6.4391793952
0.31296388644,6.4440866851
0.31348844006,6.4490049116
0.31401206307,6.4539340223
0.31453475577,6.4588739647
0.31505651846,6.4638246861
0.31557735141,6.4687861334
0.31609725488,6.473758253
0.3166162291,6.4787409913
0.31713427431,6.4837342942
0.31765139069,6.4887381075
0.31816757845,6.4937523764
0.31868283775,6.498777046
0.31919716873,6.5038120609
0.31971057152,6.5088573654
0.32022304625,6.5139129036
0.320734593,6.5189786189
0.32124521185,6.5240544548
0.32175490284,6.529140354
0.32226366601,6.534236259
0.32277150138,6.539342112
0.32327840894,6.5444578547
0.32378438865,6.5495834284
0.32428944047,6.554718774
0.32479356433,6.559863832
0.32529676013,6.5650185424
0.32579902777,6.5701828449
0.3263003671,6.5753566787
0.32680077796,6.5805399825
0.32730026018,6.5857326945
0.32779881354,6.5909347527
0.32829643782,6.5961460942
0.32879313276,6.601366656
0.3292888981,6.6065963744
0.32978373351,6.6118351853
0.3302598288,6.616893462
0.33075283698,6.6221499408
0.33124491421,6.6274153188
0.33173606009,6.6326895297
0.33222627418,6.6379725068
0.33271555603,6.6432641826
0.33320390516,6.6485644892
0.33369132107,6.653873358
0.33417780321,6.65919072
0.33466335103,6.6645165053
0.33514796392,6.6698506436
0.33563164128,6.675193064
0.33611438244,6.6805436947
0.33659618673,6.6859024635
0.33707705344,6.6912692974
0.33755698182,6.6966441228
0.33803597111,6.7020268654
0.3385140205,6.7074174501
0.33899112917,6.7128158013
0.33946729623,6.7182218425
0.3399425208,6.7236354964
0.34041680194,6.7290566851
0.34089013868,6.73448533
0.34136253003,6.7399213515
0.34183397495,6.7453646693
0.34230447238,6.7508152023
0.3427740212,6.7562728687
0.34324262029,6.7617375857
0.34371026846,6.7672092696
0.3441769645,6.7726878361
0.34464270715,6.7781731999
0.34510749514,6.7836652746
0.34557132713,6.7891639732
0.34603420177,6.7946692076
0.34649611763,6.8001808889
0.34695707329,6.8056989271
0.34741706724,6.8112232314
0.34787609798,6.8167537097
0.34833416392,6.8222902693
0.34879126346,6.8278328163
0.34924739495,6.8333812556
0.34970255669,6.8389354914
0.35015674693,6.8444954266
0.35060996389,6.8500609631
0.35106220575,6.8556320016
0.35151347063,6.8612084419
0.3519637566,6.8667901823
0.3524130617,6.8723771204
0.35286138391,6.8779691523
0.35330872116,6.883566173
0.35375507135,6.8891680764
0.3542004323,6.8947747551
0.35464480181,6.9003861003
0.35508817762,6.9060020022
0.35553055739,6.9116223497
0.35597193878,6.9172470302
0.35641231936,6.9228759299
0.35685169665,6.9285089337
0.35729006814,6.934145925
0.35772743123,6.9397867862
0.35816378328,6.9454313978
0.35859912161,6.9510796393
0.35903344347,6.9567313884
0.35946674604,6.9623865217
0.35989902646,6.9680449142
0.3603302818,6.9737064393
0.36076050907,6.9793709689
0.36118970524,6.9850383736
0.36161786719,6.9907085222
0.36204499176,6.9963812819
0.36247107571,7.0020565186
0.36289611575,7.0077340963
0.36332010852,7.0134138774
0.36374305059,7.0190957228
0.36416493848,7.0247794917
0.36458576863,7.0304650413
0.36500553741,7.0361522274
0.36542424113,7.0418409041
0.36584187604,7.0475309234
0.36625843831,7.0532221358
0.36667392403,7.05891439
0.36708832924,7.0646075327
0.36750164989,7.0703014089
0.36791388187,7.0759958617
0.36832502099,7.0816907322
0.36873506299,7.0873858598
0.36914400353,7.0930810818
0.3695518382,7.0987762337
0.36995856251,7.1044711488
0.3703641719,7.1101656586
0.37076866172,7.1158595927
0.37117202726,7.1215527783
0.3715742637,7.1272450409
0.37197536618,7.1329362037
0.37237532972,7.1386260881
0.37277414929,7.144314513
0.37317181975,7.1500012954
0.37356833591,7.1556862502
0.37396369246,7.1613691899
0.37435788403,7.1670499252
0.37475090516,7.1727282642
0.37514275031,7.1784040131
0.37553341382,7.1840769755
0.37592289,7.1897469531
0.37631117301,7.1954137451
0.37669825698,7.2010771485
0.3770841359,7.206736958
0.3774688037,7.2123929659
0.37785225422,7.2180449623
0.37823448119,7.2236927347
0.37861547827,7.2293360686
0.378995239,7.2349747467
0.37937375685,7.2406085497
0.3797510252,7.2462372555
0.38012703731,7.2518606398
0.38050178637,7.2574784759
0.38087526546,7.2630905345
0.38124746757,7.268696584
0.38161838559,7.2742963901
0.38198801233,7.2798897162
0.38235634046,7.2854763231
0.38272336261,7.2910559693
0.38308907126,7.2966284104
0.38345345882,7.3021933999
0.38381651759,7.3077506885
0.38417823978,7.3133000243
0.38453861748,7.3188411532
0.38489764271,7.3243738182
0.38525530735,7.3298977599
0.38561160321,7.3354127164
0.38596652199,7.340918423
0.38632005529,7.3464146126
0.38667219458,7.3519010155
0.38702293127,7.3573773595
0.38737225665,7.3628433696
0.38772016189,7.3682987685
0.38806663807,7.3737432761
0.38841167617,7.3791766097
0.38875526706,7.3845984843
0.3890974015,7.3900086121
0.38943807016,7.3954067027
0.3897772636,7.4007924631
0.39011497227,7.406165598
0.3904511865,7.4115258092
0.39078589655,7.4168727962
0.39111909255,7.4222062556
0.39145076452,7.4275258819
0.39178090239,7.4328313667
0.39210949597,7.4381223992
0.39243653498,7.4433986661
0.39276200901,7.4486598513
0.39308590756,7.4539056366
0.39340822002,7.459135701
0.39372893568,7.4643497211
0.3940480437,7.4695473709
0.39436553315,7.4747283221
0.394681393,7.4798922437
0.39499561209,7.4850388023
0.39530817916,7.4901676623
0.39561908286,7.4952784853
0.3959283117,7.5003709306
0.39623585411,7.505444655
0.39654169839,7.5104993131
0.39684583274,7.5155345569
0.39714824525,7.520550036
0.39744892391,7.5255453977
0.39774785658,7.530520287
0.39804503101,7.5354743462
0.39834043487,7.5404072156
0.39863405568,7.5453185329
0.39892588087,7.5502079338
0.39921589775,7.5550750512
0.39950409353,7.5599195162
0.39979045529,7.564740957
0.40007497,7.5695390001
0.40035762453,7.5743132692
0.40063840562,7.5790633861
0.40091729989,7.58378897
0.40119429387,7.588489638
0.40146937394,7.593165005
0.40174252638,7.5978146833
0.40201373735,7.6024382833
0.4022829929,7.607035413
0.40255027893,7.6116056781
0.40281558126,7.616148682
0.40307888554,7.620664026
0.40334017734,7.625151309
0.40359944208,7.6296101278
0.40385666507,7.6340400768
0.40411183147,7.6384407481
0.40436492635,7.6428117317
0.4046159346,7.6471526152
0.40486484104,7.6514629841
0.4051116303,7.6557424215
0.40535628693,7.6599905082
0.4055987953,7.6642068228
0.40583913968,7.6683909417
0.40607730418,7.6725424387
0.40631327279,7.6766608858
0.40654702935,7.6807458522
0.40677855756,7.6847969052
0.407007841,7.6888136097
0.40723486307,7.6927955282
0.40745960707,7.6967422209
0.40768205612,7.700653246
0.40790219321,7.704528159
0.40812000119,7.7083665134
0.40833546276,7.7121678603
0.40854856047,7.7159317487
0.40875927673,7.7196577252
0.40896759379,7.7233453341
0.40917349376,7.7269941178
0.40937695861,7.730603616
0.40957797016,7.7341733668
0.40977651008,7.7377029059
0.4099725599,7.7411917668
0.41016610099,7.7446394811
0.41035711462,7.7480455785
0.41054558187,7.7514095866
0.41073148371,7.7547310313
0.41091480097,7.7580094364
0.41109551435,7.7612443245
0.41127360443,7.764435216
0.41144905165,7.7675816303
0.41162183633,7.770683085
0.41179193869,7.7737390967
0.41195933884,7.7767491807
0.41212401677,7.7797128514
0.4122859524,7.7826296223
0.41244512555,7.7854990063
0.41260151596,7.7883205158
0.4127551033,7.7910936628
0.41290586719,7.7938179595
0.41305378718,7.7964929181
0.41319884282,7.7991180514
0.41334101358,7.8016928727
0.41348027898,7.8042168963
0.41361661849,7.8066896381
0.41375001162,7.8091106153
0.41388043791,7.8114793472
0.41400787696,7.8137953552
0.41413230842,7.8160581637
0.41425371202,7.8182673
0.41437206762,7.8204222947
0.41448735519,7.8225226828
0.41459955483,7.8245680032
0.41470864685,7.8265577999
0.41481461171,7.828491622
0.4149174301,7.8303690246
0.41501708296,7.8321895691
0.41511355147,7.8339528234
0.41520681712,7.8356583633
0.4152968617,7.8373057722
0.41538366736,7.8388946419
0.41546721659,7.8404245735
0.41554749231,7.8418951776
0.41562447783,7.843306075
0.41569815695,7.8446568971
0.41576851392,7.8459472871
0.41583553351,7.8471768996
0.41589920102,7.8483454021
0.4159595023,7.849452475
0.41601642383,7.8504978124
0.41602939497,7.850736064
0.4160821193,7.8517046582
0.41613143584,7.8526108848
0.41617733312,7.8534544858
0.41621980037,7.8542352189
0.41625882754,7.8549528581
0.41629440533,7.8556071945
0.41632652518,7.856198036
0.41635517933,7.8567252084
0.4163803608,7.8571885552
0.41640206344,7.8575879382
0.4164202819,7.8579232381
0.41643501169,7.858194354
0.41644624917,7.8584012043
0.41645399155,7.8585437265
0.41645823689,7.8586218775
0.41645912765,7.8586382757
0.4164591276,7.8586382745
0.41645736981,7.8586059157
0.41645211415,7.8585091667
0.41644336192,7.8583480569
0.4164311153,7.8581226352
0.41641537733,7.8578329694
0.41639615191,7.8574791468
0.41637344377,7.8570612736
0.41634725848,7.8565794748
0.41631760245,7.8560338936
0.41628448289,7.8554246919
0.41624790777,7.8547520489
0.41620788589,7.8540161617
0.41616442675,7.8532172442
0.41611754063,7.8523555272
0.41606723848,7.8514312574
0.41602939474,7.8507360598
0.41597327473,7.8497053713
0.41591377184,7.8486128769
0.41585089947,7.8474588793
0.41578467163,7.8462436949
0.41571510287,7.8449676532
0.41564220832,7.8436310965
0.41556600358,7.8422343791
0.41548650479,7.8407778668
0.41540372849,7.8392619364
0.41531769168,7.8376869748
0.41522841178,7.8360533788
0.41513590655,7.8343615545
0.41504019413,7.8326119164
0.41494129295,7.8308048871
0.41483922175,7.8289408969
0.41473399956,7.8270203827
0.41462564563,7.8250437883
0.41451417942,7.8230115629
0.41439962062,7.8209241615
0.41428198906,7.8187820439
0.41416130475,7.8165856744
0.41403758781,7.8143355214
0.41391085848,7.8120320566
0.41378113708,7.8096757553
0.413648444,7.8072670952
0.41351279971,7.8048065565
0.41337422468,7.8022946216
0.41323273943,7.7997317744
0.41308836446,7.7971185003
0.41294112027,7.7944552856
0.41279102736,7.7917426174
0.41263810616,7.7889809835
0.41248237707,7.7861708718
0.41232386044,7.7833127701
0.41216257654,7.7804071662
0.41199854558,7.7774545473
0.41183178765,7.7744554
0.41166232279,7.7714102102
0.41149017091,7.7683194629
0.41131535183,7.7651836417
0.41113788524,7.7620032293
0.41095779073,7.7587787068
0.41077508776,7.7555105539
0.41058979565,7.7521992487
0.41040193361,7.7488452675
0.41021152071,7.745449085
0.41001857587,7.742011174
0.40982311789,7.7385320054
0.40962516542,7.735012048
0.40942473695,7.7314517686
0.40922185087,7.7278516321
0.40901652537,7.7242121012
0.40880877853,7.7205336363
0.40859862828,7.7168166957
0.40838609239,7.7130617357
0.40817118849,7.70926921
0.40795393407,7.7054395703
0.40773434645,7.7015732661
0.40751244283,7.6976707443
0.40728824025,7.69373245
0.40706175562,7.6897588256
0.40683300568,7.6857503113
0.40660200706,7.6817073453
0.40636877621,7.677630363
0.40613332947,7.673519798
0.40589568303,7.6693760813
0.40565585294,7.6651996417
0.40541385511,7.6609909057
0.40516970531,7.6567502976
0.40492341919,7.6524782394
0.40467501226,7.6481751507
0.40442449988,7.6438414489
0.4041718973,7.6394775491
0.40391721963,7.6350838643
0.40366048185,7.6306608051
0.40340169883,7.6262087797
0.40314088528,7.6217281944
0.4028780558,7.6172194529
0.40261322489,7.6126829567
0.40234640688,7.6081191053
0.40207761601,7.6035282957
0.4018068664,7.5989109226
0.40153417202,7.5942673787
0.40125954675,7.5895980542
0.40098300435,7.5849033372
0.40070455843,7.5801836133
0.40042422252,7.5754392661
0.40014201002,7.5706706767
0.3998579342,7.5658782241
0.39957200824,7.561062285
0.39928424519,7.5562232335
0.39899465799,7.5513614419
0.39870325947,7.5464772797
0.39841006234,7.5415711144
0.39811507919,7.5366433111
0.39781832253,7.5316942325
0.39751980472,7.5267242389
0.39721953804,7.5217336885
0.39691753464,7.5167229369
0.39661380657,7.5116923374
0.39630836576,7.5066422409
0.39600122404,7.501572996
0.39569239313,7.4964849486
0.39538188464,7.4913784427
0.39506971006,7.4862538194
0.39475588079,7.4811114175
0.39444040811,7.4759515735
0.3941233032,7.4707746213
0.39380457711,7.4655808923
0.39348424081,7.4603707157
0.39316230516,7.4551444178
0.39283878089,7.4499023228
0.39251367864,7.444644752
0.39218700894,7.4393720246
0.39185878221,7.4340844571
0.39152900877,7.4287823633
0.39119769883,7.4234660547
0.39086486249,7.4181358402
0.39053050975,7.4127920262
0.39019465049,7.4074349164
0.38985729451,7.4020648121
0.38951845148,7.3966820118
0.38917813097,7.3912868118
0.38883634246,7.3858795055
0.3884930953,7.380460384
0.38814839876,7.3750297355
0.38780226199,7.3695878458
0.38745469403,7.3641349983
0.38710570384,7.3586714735
0.38675530026,7.3531975494
0.38640349201,7.3477135016
0.38605028774,7.3422196029
0.38569569598,7.3367161236
0.38533972516,7.3312033316
0.38498238361,7.3256814919
0.38462367954,7.3201508671
0.38426362108,7.3146117174
0.38390221626,7.3090643001
0.383539473,7.3035088702
0.38317539911,7.29794568
0.38281000232,7.2923749794
0.38244329025,7.2867970157
0.38207527041,7.2812120337
0.38170595024,7.2756202755
0.38133533706,7.270021981
0.3809634381,7.2644173874
0.38059026049,7.2588067294
0.38021581126,7.2531902394
0.37984009734,7.2475681471
0.37946312559,7.24194068
0.37908490275,7.2363080628
0.37870543547,7.2306705181
0.37832473031,7.225028266
0.37794279373,7.2193815242
0.37755963212,7.2137305079
0.37717525174,7.20807543
0.3767896588,7.202416501
0.37640285939,7.1967539293
0.37601485951,7.1910879205
0.37562566509,7.1854186784
0.37523528196,7.1797464041
0.37484371586,7.1740712967
0.37445097244,7.1683935529
0.37405705728,7.1627133672
0.37366197586,7.1570309317
0.37326573356,7.1513464367
0.37286833572,7.1456600698
0.37246978754,7.1399720169
0.37207009419,7.1342824614
0.37166926072,7.1285915848
0.37126729211,7.1228995664
0.37086419326,7.1172065833
0.37045996899,7.1115128107
0.37005462405,7.1058184216
0.3696481631,7.100123587
0.36924059071,7.0944284761
0.3688319114,7.0887332557
0.3684221296,7.0830380911
0.36801124965,7.0773431451
0.36759927584,7.0716485791
0.36718621238,7.0659545523
0.3667720634,7.0602612219
0.36635683295,7.0545687436
0.36594052502,7.048877271
0.36552314353,7.0431869558
0.36510469233,7.0374979481
0.36468517518,7.0318103961
0.36426459581,7.0261244462
0.36384295784,7.0204402431
0.36342026486,7.0147579299
0.36299652035,7.0090776477
0.36257172778,7.0033995363
0.3621458905,6.9977237334
0.36171901183,6.9920503755
0.36129109502,6.9863795971
0.36086214325,6.9807115314
0.36043215963,6.9750463098
0.36000114725,6.9693840622
0.35956910908,6.9637249172
0.35913604807,6.9580690015
0.35870196711,6.9524164404
0.35826686901,6.946767358
0.35783075654,6.9411218767
0.3573936324,6.9354801174
0.35695549926,6.9298421998
0.35651635969,6.9242082421
0.35607621625,6.918578361
0.35563507141,6.912952672
0.35519292762,6.9073312892
0.35474978725,6.9017143254
0.35430565263,6.8961018922
0.35386052604,6.8904940996
0.35341440969,6.8848910567
0.35296730577,6.8792928712
0.35251921639,6.8736996495
0.35207014365,6.8681114969
0.35162008956,6.8625285175
0.3511690561,6.8569508141
0.35071704521,6.8513784885
0.35026405877,6.8458116413
0.34981009862,6.840250372
0.34935516657,6.834694779
0.34889926436,6.8291449596
0.34844239369,6.82360101
0.34798455623,6.8180630254
0.34752575361,6.8125310999
0.3470659874,6.8070053266
0.34660525913,6.8014857977
0.3461435703,6.7959726043
0.34568092237,6.7904658366
0.34521731675,6.7849655837
0.34475275481,6.779471934
0.3442872379,6.7739849747
0.3438207673,6.7685047924
0.34335334428,6.7630314724
0.34288497006,6.7575650996
0.34241564582,6.7521057577
0.34194537272,6.7466535296
0.34147415186,6.7412084974
0.34100198432,6.7357707425
0.34052887115,6.7303403452
0.34005481336,6.7249173853
0.3395798119,6.7195019417
0.33910386774,6.7140940925
0.33862698176,6.7086939151
0.33814915485,6.703301486
0.33767038785,6.6979168813
0.33719068157,6.6925401761
0.33671003679,6.6871714448
0.33622845425,6.6818107614
0.33574593468,6.6764581988
0.33526247875,6.6711138295
0.33477808713,6.6657777254
0.33429276045,6.6604499575
0.3338064993,6.6551305964
0.33331930426,6.6498197119
0.33283117586,6.6445173734
0.33234211463,6.6392236496
0.33185212105,6.6339386084
0.33136119559,6.6286623175
0.33086933866,6.6233948437
0.33037655069,6.6181362536
0.33025995676,6.6168948239
0.32976601824,6.6116473077
0.3292711495,6.6064088215
0.32877535085,6.6011794302
0.3282786226,6.5959591976
0.32778096503,6.5907481877
0.32728237838,6.5855464633
0.32678286288,6.5803540873
0.32628241875,6.5751711218
0.32578104615,6.5699976285
0.32527874525,6.5648336686
0.32477551619,6.559679303
0.32427135908,6.5545345921
0.32376627401,6.5493995956
0.32326026105,6.5442743732
0.32275332025,6.5391589838
0.32224545163,6.5340534863
0.32173665521,6.5289579388
0.32122693097,6.5238723992
0.32071627888,6.518796925
0.32020469888,6.5137315734
0.3196921909,6.508676401
0.31917875484,6.5036314642
0.3186643906,6.498596819
0.31814909804,6.4935725212
0.31763287701,6.4885586259
0.31711572735,6.4835551883
0.31659764886,6.478562263
0.31607864134,6.4735799043
0.31555870457,6.4686081661
0.31503783831,6.4636471023
0.3145160423,6.4586967663
0.31399331626,6.453757211
0.31346965991,6.4488284894
0.31294507294,6.443910654
0.31241955502,6.4390037569
0.31189310581,6.4341078503
0.31136572495,6.4292229857
0.31083741208,6.4243492146
0.3103081668,6.4194865882
0.3097779887,6.4146351574
0.30924687738,6.4097949729
0.30871483239,6.4049660851
0.30818185329,6.4001485442
0.30764793962,6.3953424002
0.30711309088,6.3905477028
0.3065773066,6.3857645015
0.30604058627,6.3809928456
0.30550292936,6.3762327842
0.30496433534,6.3714843661
0.30442480367,6.36674764
0.30388433377,6.3620226544
0.30334292509,6.3573094575
0.30280057702,6.3526080974
0.30225728897,6.3479186219
0.30171306033,6.3432410789
0.30116789047,6.3385755156
0.30062177874,6.3339219796
0.30007472451,6.3292805179
0.29952672711,6.3246511776
0.29897778585,6.3200340054
0.29842790006,6.3154290481
0.29787706904,6.3108363521
0.29732529207,6.3062559638
0.29677256844,6.3016879293
0.29621889741,6.2971322947
0.29566427824,6.2925891059
0.29510871017,6.2880584086
0.29455219244,6.2835402484
0.29399472427,6.2790346708
0.29343630487,6.2745417212
0.29287693344,6.2700614447
0.29231660919,6.2655938864
0.29175533128,6.2611390912
0.29119309889,6.256697104
0.29062991119,6.2522679694
0.29006576732,6.2478517321
0.28950066642,6.2434484364
0.28893460764,6.2390581267
0.28836759008,6.2346808473
0.28779961288,6.2303166423
0.28723067512,6.2259655556
0.28666077591,6.2216276312
0.28608991432,6.2173029129
0.28551808945,6.2129914444
0.28494530036,6.2086932692
0.28437154611,6.2044084309
0.28379682574,6.2001369729
0.28322113831,6.1958789385
0.28264448284,6.1916343708
0.28206685837,6.1874033131
0.28148826391,6.1831858083
0.28090869847,6.1789818993
0.28032816106,6.1747916292
0.27974665066,6.1706150405
0.27916416627,6.166452176
0.27858070687,6.1623030784
0.27799627143,6.1581677901
0.27741085891,6.1540463535
0.27682446827,6.1499388111
0.27623709845,6.1458452051
0.27564874841,6.1417655777
0.27505941708,6.1376999711
0.27446910339,6.1336484274
0.27387780625,6.1296109885
0.27328552459,6.1255876963
0.27269225732,6.1215785926
0.27209800333,6.1175837194
0.27150276153,6.1136031182
0.2709065308,6.1096368307
0.27030931002,6.1056848985
0.26971109808,6.101747363
0.26911189385,6.0978242658
0.26851169619,6.0939156481
0.26791050396,6.0900215513
0.26730831601,6.0861420166
0.2667051312,6.0822770851
0.26610094837,6.0784267981
0.26549576635,6.0745911966
0.26488958397,6.0707703214
0.26428240007,6.0669642137
0.26367421347,6.0631729141
0.26306502297,6.0593964635
0.2624548274,6.0556349028
0.26184362556,6.0518882724
0.26123141625,6.048156613
0.26061819827,6.0444399653
0.26000397041,6.0407383697
0.25938873146,6.0370518665
0.2587724802,6.0333804963
0.25815521542,6.0297242993
0.25753693588,6.0260833157
0.25691764036,6.0224575858
0.25629732763,6.0188471496
0.25567599644,6.0152520474
0.25505364557,6.0116723189
0.25443027375,6.0081080043
0.25380587975,6.0045591434
0.2531804623,6.001025776
0.25255402017,5.9975079418
0.25192655208,5.9940056807
0.25129805677,5.9905190322
0.25066853298,5.9870480359
0.25003797944,5.9835927313
0.24940639488,5.980153158
0.24877377802,5.9767293551
0.24814012758,5.9733213622
0.24750544229,5.9699292185
0.24686972086,5.966552963
0.24623296201,5.9631926351
0.24559516444,5.9598482738
0.24495632686,5.9565199179
0.24431644799,5.9532076066
0.24367552653,5.9499113786
0.24303356117,5.9466312728
0.24239055063,5.9433673278
0.2417464936,5.9401195824
0.24110138877,5.9368880751
0.24045523484,5.9336728444
0.23980803051,5.9304739288
0.23915977447,5.9272913666
0.2385104654,5.9241251962
0.23786010199,5.9209754558
0.23720868294,5.9178421835
0.23655620693,5.9147254175
0.23590267265,5.9116251956
0.23524807877,5.9085415558
0.23459242399,5.905474536
0.23393570699,5.9024241739
0.23327792645,5.8993905071
0.23261908105,5.8963735734
0.23195916947,5.8933734102
0.23129819039,5.8903900549
0.2306361425,5.8874235449
0.22997302447,5.8844739174
0.22930883499,5.8815412096
0.22864357274,5.8786254587
0.22797723639,5.8757267015
0.22730982463,5.872844975
0.22664133614,5.869980316
0.2259717696,5.8671327612
0.2253011237,5.8643023472
0.22462939711,5.8614891107
0.22395658853,5.8586930879
0.22328269663,5.8559143152
0.2226077201,5.8531528289
0.22193165763,5.8504086651
0.22125450791,5.8476818598
0.22057626963,5.8449724489
0.21989694147,5.8422804682
0.21921652214,5.8396059536
0.21853501032,5.8369489405
0.21785240472,5.8343094645
0.21716870402,5.8316875609
0.21648390694,5.829083265
0.21579801217,5.826496612
0.21511101842,5.8239276369
0.21442292439,5.8213763746
0.21373372879,5.8188428599
0.21304343035,5.8163271276
0.21235202776,5.8138292121
0.21165951976,5.8113491479
0.21096590505,5.8088869693
0.21027118237,5.8064427105
0.20957535044,5.8040164056
0.208878408,5.8016080885
0.20818035377,5.7992177929
0.20748118649,5.7968455525
0.20678090491,5.7944914009
0.20607950777,5.7921553713
0.20537699381,5.7898374972
0.2046733618,5.7875378115
0.2039686105,5.7852563473
0.20326273865,5.7829931373
0.20255574503,5.7807482142
0.20184762842,5.7785216105
0.20113838757,5.7763133587
0.20042802129,5.7741234908
0.19971652834,5.7719520391
0.19900390753,5.7697990353
0.19829015765,5.7676645113
0.1975752775,5.7655484986
0.19685926589,5.7634510286
0.19614212163,5.7613721327
0.19542384354,5.7593118419
0.19470443044,5.7572701871
0.19398388117,5.7552471991
0.19326219456,5.7532429085
0.19253936945,5.7512573457
0.1918154047,5.7492905409
0.19109029916,5.7473425243
0.1903640517,5.7454133256
0.18963666119,5.7435029745
0.1889081265,5.7416115007
0.18817844652,5.7397389334
0.18744762014,5.7378853017
0.18671564626,5.7360506345
0.18598252379,5.7342349608
0.18524825164,5.7324383089
0.18451282874,5.7306607073
0.18377625402,5.7289021841
0.18303852642,5.7271627673
0.18229964488,5.7254424846
0.18155960837,5.7237413636
0.18081841585,5.7220594317
0.18007606629,5.7203967158
0.17933255868,5.7187532431
0.17858789201,5.7171290402
0.17784206528,5.7155241335
0.17709507751,5.7139385493
0.17634692771,5.7123723138
0.17559761492,5.7108254526
0.17484713818,5.7092979914
0.17409549654,5.7077899556
0.17334268906,5.7063013703
0.17258871482,5.7048322603
0.17183357289,5.7033826505
0.17107726238,5.7019525651
0.17031978238,5.7005420284
0.16956113201,5.6991510643
0.1688013104,5.6977796966
0.16804031668,5.6964279486
0.16727815002,5.6950958436
0.16651480956,5.6937834046
0.16575029449,5.6924906542
0.16498460399,5.6912176149
0.16421773726,5.6899643088
0.1634496935,5.6887307579
0.16268047195,5.6875169839
0.16191007185,5.686323008
0.16113849242,5.6851488516
0.16036573296,5.6839945353
0.15959179272,5.6828600798
0.15881667099,5.6817455054
0.15804036709,5.6806508322
0.15726288032,5.6795760797
0.15648421003,5.6785212676
0.15570435554,5.677486415
0.15492331623,5.6764715407
0.15414109147,5.6754766635
0.15335768064,5.6745018015
0.15257308316,5.6735469728
0.15178729843,5.6726121952
0.15100032589,5.6716974859
0.15021216499,5.6708028622
0.14942281521,5.6699283408
0.14863227601,5.6690739383
0.14784054689,5.6682396708
0.14704762737,5.6674255542
0.14625351698,5.6666316041
0.14545821526,5.6658578358
0.14466172177,5.6651042641
0.1438640361,5.6643709036
0.14306515783,5.6636577687
0.14226508659,5.6629648734
0.14146382201,5.6622922311
0.14066136373,5.6616398553
0.13985771141,5.661007759
0.13905286475,5.6603959546
0.13824682344,5.6598044546
0.13743958721,5.6592332709
0.13663115579,5.6586824151
0.13582152894,5.6581518985
0.13501070644,5.6576417319
0.13419868808,5.657151926
0.13338547368,5.656682491
0.13257106307,5.6562334368
0.1317554561,5.6558047727
0.13093865266,5.6553965081
0.13012065262,5.6550086517
0.1293014559,5.6546412119
0.12848106244,5.6542941967
0.12765947219,5.6539676139
0.12683668513,5.6536614709
0.12601270124,5.6533757744
0.12518752055,5.6531105312
0.12436114309,5.6528657474
0.12353356893,5.6526414288
0.12270479813,5.6524375809
0.1218748308,5.6522542088
0.12104366707,5.6520913171
0.12021130708,5.6519489101
0.119377751,5.6518269916
0.11854299902,5.6517255653
0.11770705134,5.6516446342
0.11686990822,5.6515842011
0.11603156989,5.6515442681
0.11519203665,5.6515248374
0.11435130879,5.6515259104
0.11350938665,5.6515474881
0.11266627058,5.6515895714
0.11182196095,5.6516521605
0.11097645816,5.6517352553
0.11012976263,5.6518388554
0.1092818748,5.6519629596
0.10843279516,5.6521075668
0.10758252419,5.6522726752
0.10673106242,5.6524582825
0.10587841038,5.6526643863
0.10502456866,5.6528909833
0.10416953784,5.6531380703
0.10331331855,5.6534056433
0.10245591143,5.653693698
0.10159731715,5.6540022297
0.1007375364,5.6543312333
0.099876569927,5.6546807031
0.099014418461,5.6550506332
0.098151082781,5.6554410169
0.09728656369,5.6558518476
0.096420862015,5.6562831178
0.095553978611,5.6567348197
0.094685914358,5.6572069451
0.093816670167,5.6576994854
0.092946246971,5.6582124314
0.092074645733,5.6587457736
0.091201867442,5.6592995021
0.090327913117,5.6598736062
0.0894527838,5.6604680753
0.088576480566,5.6610828978
0.087699004513,5.661718062
0.08682035677,5.6623735557
0.085940538493,5.6630493661
0.085059550865,5.6637454801
0.084177395101,5.664461884
0.083294072439,5.6651985638
0.082409584151,5.6659555049
0.081523931533,5.6667326923
0.080637115912,5.6675301106
0.079749138644,5.6683477438
0.078860001114,5.6691855756
0.077969704734,5.670043589
0.077078250947,5.6709217669
0.076185641225,5.6718200913
0.07529187707,5.6727385442
0.07439696001,5.6736771067
0.073500891608,5.6746357596
0.072603673451,5.6756144834
0.071705307159,5.6766132578
0.070805794382,5.6776320624
0.069905136797,5.6786708761
0.069003336113,5.6797296773
0.068100394069,5.680808444
0.067196312434,5.6819071538
0.066291093005,5.6830257838
0.065384737613,5.6841643104
0.064477248114,5.68532271
0.0635686264,5.6865009579
0.06265887439,5.6876990296
0.061747994033,5.6889168996
0.060835987309,5.6901545422
0.05992285623,5.6914119311
0.059008602837,5.6926890396
0.058093229202,5.6939858406
0.057176737426,5.6953023063
0.056259129643,5.6966384086
0.055340408017,5.697994119
0.054420574742,5.6993694083
0.053499632042,5.7007642469
0.052577582174,5.7021786049
0.051654427423,5.7036124518
0.050730170106,5.7050657565
0.049804812572,5.7065384877
0.048878357199,5.7080306134
0.047950806395,5.7095421013
0.047022162602,5.7110729185
0.046092428289,5.7126230317
0.045161605958,5.714192407
0.04422969814,5.7157810104
0.043296707399,5.7173888069
0.042362636328,5.7190157615
0.041427487551,5.7206618385
0.040491263722,5.7223270018
0.039553967527,5.7240112148
0.038615601681,5.7257144405
0.03767616893,5.7274366414
0.036735672051,5.7291777794
0.035794113851,5.7309378163
0.034851497168,5.7327167131
0.033907824869,5.7345144305
0.032963099851,5.7363309286
0.032017325044,5.7381661674
0.031070503404,5.740020106
0.030122637922,5.7418927033
0.029173731613,5.7437839178
0.028223787528,5.7456937074
0.027272808743,5.7476220295
0.026320798366,5.7495688413
0.025367759535,5.7515340995
0.024413695416,5.75351776
0.023458609205,5.7555197788
0.022502504129,5.7575401112
0.021545383442,5.7595787119
0.020587250428,5.7616355354
0.0196281084,5.7637105357
0.0186679607,5.7658036664
0.017706810698,5.7679148807
0.016744661795,5.7700441312
0.015781517417,5.7721913702
0.014817381022,5.7743565496
0.013852256094,5.7765396209
0.012886146145,5.778740535
0.011919054717,5.7809592427
0.010950985378,5.783195694
0.009981941725,5.7854498389
0.0090119273808,5.7877216266
0.0080409459973,5.7900110062
0.0070690012528,5.7923179261
0.0060960968531,5.7946423347
0.0051222365305,5.7969841797
0.0041474240444,5.7993434084
0.0031716631805,5.8017199678
0.0021949577511,5.8041138046
0.0012173115944,5.8065248649
0.00023872857495,5.8089530946
-0.00074078741703,5.8113984391
