B,s
-0.013199368661554798,-0.05159837953373059
-0.012199724649170506,-0.047690077279937675
-0.008170863502497492,-0.03193956985873733
-0.004645396244149643,-0.018158286174217053
-0.0010062625811406815,-0.003933320485319741
0.0026745038722172923,0.010454239821497449
0.0064911152858369865,0.025373215449245225
0.013133515204600965,0.051340822790791496
0.013922673875132506,0.0544266327937304
0.014588815276884642,0.057031383073390944
0.015171418253199776,0.05930865868928825
0.01569478883916115,0.061354794789564876
0.016173565203484633,0.06322898274817114
0.01662027496061843,0.06497250966398727
0.01703768448134616,0.06660811457198357
0.01743419833513002,0.0681577769279171
0.01781321056001515,0.06963498941303134
0.018171430107108453,0.07104564108733699
0.01852020083512748,0.07240534893185796
0.018858608065161302,0.07371847858866555
0.019720575669482435,0.07710298825995683
0.020449794333487176,0.07994905450592496
0.021100774014946578,0.08250730592014513
0.02171950298628786,0.08488683705777814
0.022266193331426494,0.08709425238194976
0.022819308007150232,0.08922102064136901
0.023357494178541337,0.09126172548404145
0.023828312470110687,0.09318897953940913
0.02429017478506645,0.09505964767051778
0.024790617187271602,0.09691409732625625
0.025277948891620942,0.09871710102734
0.025697989860982904,0.10043478477635819
0.026080619872113374,0.10209494605809559
0.026491862262982075,0.10374948273423054
0.02695615692792967,0.10541563904490722
0.02742717418661941,0.10706076425735857
0.027841376566229297,0.10864299351610578
0.02818607686025602,0.11015626556126924
0.028500926659707024,0.11163178081813062
0.02884178782943638,0.11311143222490389
0.02924626433412074,0.11462109974665192
0.02970731868259121,0.11615355455522508
0.03017306970270117,0.11767296811692883
0.03058491156273487,0.11914109995965298
0.030918137193726398,0.1205423847183763
0.031188277270141666,0.12188898690155468
0.0314340239152609,0.12321002156376865
0.03170032378599093,0.12453886169374742
0.03202607427134239,0.12590281552135563
0.0324310251265345,0.12731322223470817
0.03290270947030778,0.12875837932481599
0.03339611017949703,0.13020686536231024
0.03385446347715009,0.131621892425964
0.034237199657166636,0.13297730851037545
0.03453356827982673,0.13426605444702108
0.03475789255372793,0.135498423033978
0.034938178247513774,0.13669517500662906
0.03510764876720904,0.13788143879435177
0.03530045224733387,0.13908289709182084
0.03554886740961479,0.14032280428884353
0.03587888534996126,0.14161793695818753
0.036302326479697986,0.14297297121672015
0.03680784037278109,0.1443760513659874
0.03735859839622412,0.14580031247299746
0.037902516752232863,0.1472118942154367
0.038390323152795586,0.1485797794104425
0.03879058030469342,0.14988350190195668
0.03909433874132862,0.1511164478822545
0.03931041712608933,0.15228413327017645
0.039457638151296597,0.1533998515909737
0.03955890262117798,0.1544807147928644
0.03963819692503871,0.155545297540835
0.039719677015752235,0.15661262236470458
0.039827731877322935,0.15770179329480938
0.03998712257579893,0.158831581189346
0.040222287608147236,0.1600192470461674
0.04055468890638466,0.16127789984398846
0.04099727190631652,0.16261227201672704
0.041547001476248666,0.16401459967591142
0.0421798990307939,0.16546403609302168
0.04285359380881688,0.166931071457252
0.04351714547564573,0.16838395187430485
0.044123166843018806,0.16979394789528038
0.044637569547058546,0.17113938634944426
0.04504397697809074,0.17240842070177423
0.045342109204814955,0.1735993013465098
0.04554253570253993,0.17471810926828554
0.045661237883186566,0.17577558550785152
0.045715877052964135,0.17678455068109677
0.045723904644508546,0.17775838209612774
0.04570193833128335,0.1787103636233168
0.04566583993097093,0.17965358076346766
0.045631139725045795,0.1806011062393051
0.04561362194361546,0.18156631387393954
0.045629970943516174,0.18256320450869487
0.04569837702811268,0.18360661034604087
0.04583889996549883,0.18471205063786944
0.046073150642265505,0.18589483934615872
0.04642249220713248,0.18716788683446983
0.04690380226395834,0.18853787747524406
0.047522808921443935,0.1900008152293527
0.04826776293072544,0.19153997349815727
0.04910815665785245,0.1931289210524088
0.05,0.194737720358619
0.05089389504363095,0.19633751188844872
0.05174212223794596,0.19790188403880912
0.052504481049692235,0.19940764319979784
0.0531528777193667,0.20083646192324875
0.05367369335802523,0.20217721553345178
0.0540666167186649,0.2034269060173733
0.05434075417126354,0.20458941351193424
0.05451019975073779,0.20567306288297432
0.05459065343504028,0.20668830341207692
0.05459745326336552,0.207646117606012
0.05454469934404669,0.2085571642106614
0.05444503073929065,0.2094314347919592
0.05430973186673984,0.21027820897131977
0.05414898168993627,0.21110616399904336
0.05397215421444134,0.21192355803621948
0.05378813381209816,0.21273844850040777
0.05360563811463918,0.2135589311231563
0.05343355650628059,0.21439339832986448
0.053281320607503,0.21525082142174667
0.05315932756188849,0.21614106105142022
0.05307943659050006,0.21707520227605645
0.05305554767605956,0.21806588605827587
0.05310423073111294,0.2191275508271895
0.053245265037756936,0.2202763739419801
0.0535017031406446,0.22152947736522452
0.0538986324470238,0.2229026706948544
0.05445936108629731,0.22440600730724605
0.05519827548636239,0.2260377001181205
0.05611261047945918,0.22778003475596753
0.05717918188995097,0.22960239960673487
0.058359811350769016,0.23147091319636012
0.05961077503430492,0.23335693592942683
0.06088914178752557,0.23523911060766406
0.06215435351662509,0.23710052937650727
0.06336769599908647,0.23892486573481433
0.06449258345801025,0.24069406408130514
0.06549706501826273,0.2423887841901645
0.06635785010798516,0.24399140313222903
0.06706342015608202,0.24548974344009045
0.06761410558054064,0.24687916288073797
0.0680192532341012,0.24816208146247787
0.06829332473128107,0.24934586004545903
0.06845259188387894,0.25044043973005886
0.06851303457029749,0.2514565535437451
0.06848929287173103,0.2524046566977304
0.06839430239624597,0.2532944109281726
0.06823929574718754,0.25413451196380726
0.06803396829410067,0.25493270066529494
0.06778669874093689,0.25569585952364116
0.06750477209565435,0.25643014076938564
0.06719458364521724,0.25714109954092906
0.06686181794360516,0.25783382067406235
0.06651160386810381,0.2585130355778878
0.06614864969417653,0.2591832296113226
0.0657773631321696,0.25984874228847316
0.06540196151176307,0.2605138635959484
0.0650265773773247,0.26118293028714795
0.06465536497910077,0.26186042655769876
0.06429261370757842,0.2625510942017814
0.0639428755900142,0.2632600583419277
0.06361111574415818,0.2639929762226641
0.06330289741629962,0.26475621842309166
0.06302461722495374,0.26555709411249867
0.06278381177226366,0.2664041342045831
0.0625895638067501,0.2673074470211682
0.06245304320704905,0.2682791563425678
0.06238821956404474,0.26933391119787387
0.06241276158049355,0.27048939550682666
0.0625490462538634,0.2717666083598867
0.06282492549617974,0.27318933008297935
0.06327324305363576,0.2747815385104305
0.06392800510598477,0.2765609024117457
0.064814767132342,0.2785276951661603
0.06593694638725801,0.2806547250672428
0.06726883568053404,0.2828907946700565
0.06876508703421134,0.28518036878581693
0.07037838929672857,0.2874821938215993
0.07207042532523965,0.2897738717444294
0.07381344248266035,0.29204699381684773
0.07558743684286404,0.2943008722047397
0.07737667193887515,0.29653796193940507
0.07916670864777445,0.2987609260490918
0.0809419972117412,0.30097060115948343
0.0826839041048424,0.3031642978996158
0.0843692715753319,0.30533424239945267
0.08597001122292484,0.30746643973497867
0.08745456902553174,0.309540757295318
0.08879183305185692,0.3115331787085454
0.08995671185264294,0.3134203033572715
0.09093493005015703,0.3151844242018604
0.09172456376946637,0.31681666283799503
0.09233399853179614,0.31831696897992184
0.09277808337517884,0.319691876447668
0.09307445452700625,0.32095168174405875
0.09324097689548771,0.3221081460632998
0.09329433596098431,0.32317302367260486
0.09324944588869474,0.32415728391111726
0.09311932983763123,0.32507078905618214
0.0929152322234679,0.3259222302889373
0.09264682300148057,0.3267191922198671
0.09232242181634116,0.32746827123995725
0.09194920902370322,0.3281752082984645
0.09153341114231174,0.3288450171495259
0.09108045825004779,0.32948210013677914
0.09059511519851463,0.33009034919539393
0.09008159009861265,0.3306732324108993
0.08954362380568259,0.3312338675961275
0.08898456385833507,0.33177508469927536
0.08840742585852512,0.3322994788503613
0.08781494479239452,0.33280945569455195
0.08720961834661584,0.33330727045830877
0.08659374389783224,0.3337950619951542
0.08596945054748337,0.3342748828821522
0.08533872733037934,0.3347487264972898
0.08470344853896837,0.3352185518994127
0.08406539696596962,0.33568630725748394
0.08342628577077443,0.3361539525324669
0.08278777961415593,0.3366234821035589
0.08215151568145476,0.33709694805025914
0.08151912522410873,0.3375764848579197
0.08089225629856413,0.3380643364110472
0.08027259847568866,0.33856288628573233
0.07966191044255758,0.339074692565139
0.07906205164221533,0.3396025286981279
0.0784750194173661,0.34014943233390865
0.07790299358360839,0.3407187646350472
0.0773483910130383,0.3413142833602318
0.07681393374791999,0.34194023410457214
0.07630273552122482,0.34260146561134586
0.07581841353620125,0.34330357719845145
0.07536523525775954,0.34405310930201927
0.07494831425215448,0.34485779219934554
0.07457387543758316,0.3457268733707832
0.07424961935302374,0.34667155060511945
0.0739852280985578,0.3477055445617167
0.07379307235181529,0.3488458460990643
0.07368919468778326,0.3501136547230154
0.07369463871642755,0.35153544077908383
0.07383709620510347,0.35314379900492726
0.07415245186597016,0.35497704593393864
0.07468465390904222,0.3570749252174947
0.07547997618474608,0.35946563156069333
0.0765703617887607,0.3621415253989011
0.07794974760969405,0.365038402618042
0.07956776801424456,0.3680515214957313
0.0813549810056395,0.37108423398067497
0.0832519458117909,0.3740779889761923
0.08521885237773105,0.37700866838931946
0.08723209663540107,0.3798721149705392
0.08927850756672867,0.38267327069781365
0.09135104943438996,0.38542040024857777
0.09344619749911307,0.38812246009028845
0.09556243334455239,0.3907880315445307
0.09769939235765956,0.39342496277688555
0.0998573749900925,0.3960403127904399
0.10203705865878035,0.39864041334338246
0.10423931950537574,0.4012309677253079
0.10646511248851342,0.4038171514451501
0.10871537891983266,0.40640369986882596
0.11099096084469966,0.40899497573890287
0.11329250593009259,0.4115950115163742
0.11562034679575163,0.41420752013334305
0.11797433579963308,0.41683586381109416
0.1203536102096482,0.4194829638665861
0.12275625320921993,0.4221511241175267
0.1251788034300568,0.4248417256787964
0.12761555179274173,0.4275547316390706
0.13005755727053378,0.43028792033125285
0.13249133428692453,0.4330357608701185
0.13489726111744696,0.43578789438088816
0.1372480094204847,0.438527368248355
0.1395077614583777,0.4412291842690534
0.14163351700016055,0.4438603186321541
0.1435797474600706,0.4463826369135873
0.1453061150016482,0.44875908560038735
0.14678532399511837,0.45096109018659825
0.14800712979429745,0.4529734786352156
0.14897696583629028,0.45479478986717875
0.14971109971050187,0.4564339899174585
0.1502312989493687,0.45790610606576243
0.15056079643570697,0.4592285882559739
0.15072189501637245,0.46041895420885676
0.1507348360339333,0.4614935384837595
0.1506174422921048,0.4624669715059893
0.15038516530071036,0.46335207083585256
0.1500513106250936,0.46415993605487543
0.14962731967088305,0.46490012752251214
0.14912304909717888,0.46558086650455005
0.14854702313203022,0.46620922704015383
0.14790665117473803,0.4667913074546373
0.14720841098829054,0.4673323782183753
0.1464580010071175,0.46783700693619057
0.1456604662307703,0.4683091629128411
0.14482030209400923,0.46875230420962877
0.14394154021766487,0.4691694500294546
0.1430278193449485,0.4695632409695014
0.14208244418881139,0.46993598931861086
0.14110843440335039,0.47028972122532575
0.14010856546122655,0.4706262122499823
0.13908540286743692,0.47094701754813667
0.1380413308527544,0.4712534977133023
0.13697857646285075,0.4715468411267624
0.1358992297758323,0.4718280835165485
0.13480526083707467,0.4720981253087644
0.13369853378513924,0.4723577472575744
0.13258081855253137,0.47260762475978557
0.1314538004554564,0.47284834119195435
0.13031908793242816,0.47308040054927186
0.1291782186522766,0.47330423961274987
0.12803266418289863,0.4735202398229365
0.12688383339459233,0.47372873899219087
0.12573307475951126,0.47393004294350954
0.12458167770662365,0.47412443712032903
0.1234308731918044,0.4743121981700697
0.12228183364742301,0.4744936054645037
0.12113567248303113,0.474668952483656
0.11999344331447943,0.4748385579589773
0.11885613910408761,0.47500277664735524
0.11772469139447903,0.47516200959256777
0.11659996981567079,0.47531671372613654
0.1154827820330775,0.4754674106670225
0.11437387428792,0.47561469459889333
0.1132739326568313,0.4757592391349014
0.11218358512924391,0.4759018031210333
0.11110340456692164,0.47604323537839205
0.11003391257657938,0.4761844784387218
0.10897558429214108,0.47632657138340456
0.10792885403387854,0.4764706519504886
0.10689412178795107,0.4766179581245496
0.10587176043355508,0.47676982946849406
0.10486212363894035,0.47692770849368216
0.10386555435122505,0.4770931423953694
0.10288239381798081,0.4772677855059353
0.1019129911030922,0.4774534028406977
0.1009577130912143,0.4776518751342629
0.10001695501781183,0.4778652057928333
0.09909115161136901,0.4780955302252766
0.09818078899442785,0.47834512806828944
0.09728641756054342,0.4786164388956208
0.09640866612782492,0.47891208210634306
0.09554825777178544,0.4792348818324741
0.09470602786722578,0.4795878979051381
0.09388294502985842,0.47997446418876993
0.0930801358597749,0.48039823595780995
0.09229891466885208,0.48086324848374495
0.09154081975495192,0.4813739896672437
0.0908076583080547,0.48193549045603173
0.09010156276310595,0.4825534380229499
0.08942506244225822,0.48323431836711733
0.08878117579584423,0.48398559731453256
0.08817353065966275,0.4848159520605759
0.08760652299950228,0.4857355696880216
0.08708552904104495,0.4867565347781287
0.0866171920635487,0.4878933353643417
0.08620981411951793,0.4891635243067402
0.08587389485088708,0.49058857848178017
0.085622872950376,0.492194990927832
0.08547413287825753,0.4940155830895416
0.0854503128653084,0.4960908617992479
0.08558080834556492,0.4984697908327676
0.08590289806269977,0.5012082393935504
0.08646073171330988,0.5043612110874673
0.08729840005927456,0.507962837879729
0.0884431784601514,0.5119932559768635
0.08988470025805877,0.5163549267755085
0.09157164623794008,0.5208976811034796
0.09343521892576834,0.5254818190467697
0.09541530312353655,0.5300175708961045
0.09747000360910753,0.5344626885088073
0.09957327216129641,0.5388045046768656
0.10170976093325956,0.5430451078036928
0.1038706802040636,0.5471927829996802
0.1060511297736252,0.5512577701997119
0.10824850498471385,0.5552503486417047
0.11046156489241339,0.5591800579501627
0.1126898868253032,0.5630554461410248
0.1149335436689975,0.5668840501746386
0.11719291025263892,0.5706724708935806
0.1194685455688992,0.5744264789854598
0.1217611202581278,0.5781511239648578
0.12407137155640748,0.5818508347285848
0.12640007516772542,0.5855295078786363
0.1287480277092711,0.5891905834086685
0.1311160358407452,0.592837108754453
0.13350490965645945,0.5964717926752618
0.1359154588137286,0.6000970504860142
0.13834849042086492,0.6037150420340213
0.14080480805480952,0.6073277036341328
0.1432852114965442,0.6109367749861461
0.1457904969144595,0.6145438219276455
0.1483214573169705,0.6181502557256068
0.15087888315584638,0.621757349484979
0.15346356300130087,0.6253662521488375
0.15607628423671357,0.6289780004806106
0.15871783373787424,0.6325935293490531
0.1613889985140762,0.6362136805814776
0.1640905662950417,0.6398392106035204
0.16682332605464686,0.6434707970490391
0.16958806846398977,0.6471090444909683
0.17238558627003414,0.6507544894212589
0.1752166745960412,0.6544076045859073
0.17808213116215071,0.6580688027662229
0.1809827564240351,0.6617384400826082
0.18391935362769135,0.6654168188857761
0.1868927287791995,0.6691041902918985
0.18990369052698364,0.6728007564088582
0.19295304995566445,0.6765066722964166
0.19604162028824987,0.680222047694992
0.1991702164956088,0.6839469485561344
0.20233965480949154,0.6876813984009268
0.20555075213828308,0.6914253795330005
0.20880432538184618,0.6951788341268774
0.21210119064295904,0.6989416652115269
NaN,NaN
0.21058066725937852,0.827954547837342
0.20608660272851415,0.827965391255262
0.20160779218405722,0.8280612408704981
0.1971440782004768,0.8282431606071189
0.19269540907316302,0.8285121258773419
0.18826183814088332,0.8288690241555223
0.18384352234422763,0.829314659707473
0.17944072011997697,0.8298497633948335
0.17505378883040887,0.8304750085549714
0.170683182061343,0.8311910340391343
0.16632944730197555,0.8319984755790618
0.16199322476235525,0.8328980067493512
0.15767524842688355,0.8338903909004965
0.15337635094209567,0.8349765455477699
0.14909747471437645,0.8361576207778448
0.14483969281531808,0.8374350931958271
0.14060424533019997,0.8388108765692226
0.13639260023957095,0.8402874491848189
0.13220655399436654,0.8418679950235429
0.12804839790055797,0.8435565490104728
0.12392119673008693,0.8453581210357785
0.11982926469437662,0.8472787384137098
0.11577899949401188,0.8493252674500064
0.11178038511357345,0.8515046953629003
0.107849769780616,0.8538221459124457
0.10401507173218692,0.8562759993066661
0.10032532885103952,0.8588467055201275
0.09686621917984509,0.8614737376293262
0.09377539368339162,0.8640197117773686
0.0912248601206382,0.8662541735275171
0.08933257496509597,0.8679301204409319
0.08808221451021599,0.8689149866777452
0.08736113045084573,0.8692145704585195
0.08704130189968022,0.8689041054236948
0.08701790959970725,0.8680721251007014
0.08721369469729616,0.8667987838881467
0.0875728958654005,0.8651516449135416
0.08805469298337328,0.8631870054206212
0.08862830663811035,0.8609522751897214
0.08926966348390598,0.8584881442758888
0.08995917589691521,0.8558303155546667
0.09068025897068631,0.8530108531735201
0.09141833110062034,0.8500592434921728
0.09216013939012578,0.8470032498372305
0.09289331467052829,0.8438696151461011
0.09360610189226094,0.8406846393669662
0.09428723739892321,0.8374746334318675
0.09492595922529885,0.8342662295977953
0.0955121415186993,0.8310865116647183
0.0960365396132046,0.8279629234332526
0.0964911188481561,0.8249229266530768
0.09686942118658018,0.8219934151222572
0.09716690620123018,0.8191999458006227
0.09738119676987587,0.8165659048665171
0.09751217248673824,0.8141117619366868
0.09756188519813518,0.8118545583216296
0.09753431127429533,0.8098077227333442
0.09743498926183425,0.8079812301767383
0.09727060795092049,0.8063820477681296
0.0970486064432451,0.8050147687395909
0.0967768307556227,0.8038823291099088
0.09646327016039227,0.8029867212084489
0.09611587818024186,0.8023296494335541
0.09574247124031592,0.801913103890512
0.0953506924133357,0.8017398503814216
0.09494802678931791,0.801813849233793
0.09454185679268082,0.802140622089696
0.09413954870245049,0.8027275872632932
0.09374856471162503,0.803584382464352
0.09337659753717692,0.8047231895645333
0.09303172653112458,0.8061590696084148
0.09272259512297748,0.807910306248494
0.09245860869993014,0.8099987396156926
0.09225014867456317,0.8124500459155607
0.09210879066658499,0.8152938741651219
0.09204749948618729,0.8185636821252639
0.0920807469734297,0.8222960119805549
0.09222445730789396,0.8265288188373001
0.0924956308881895,0.8312983569363565
0.0929114540320381,0.8366341682445526
0.09348772667626551,0.8425521474731223
0.09423663005019353,0.8490467247088692
0.09516426511956928,0.8560847491016815
0.0962688533980537,0.8636045619773167
0.09754055217863322,0.8715223781391631
0.09896317328319255,0.879744409125836
0.1005171033132879,0.8881799791108362
0.10218224479929369,0.8967510447256509
0.10394012226774436,0.9053963921583318
0.10577494477821779,0.9140715002785431
0.10767385654481404,0.9227460508015785
0.10962672067590254,0.9314007302676468
0.11162570926286422,0.9400242467223947
0.11366486137118144,0.9486109128508748
0.11573968437087037,0.9571588332016494
0.11784682350484448,0.9656686053236389
0.11998380006938476,0.974142415342361
0.12214880898602787,0.9825834199972424
0.12434056427734407,0.9909953302342573
0.12655818177445444,0.9993821339942618
0.12880109019374258,1.0077479140550674
0.13106896361767575,1.0160967303266664
0.13336167006200497,1.0244325456258192
0.13567923213137748,1.032759180641557
0.13802179678027693,1.041080288387704
0.140389611958658,1.0493993415592
0.14278300848830405,1.057719628329345
0.14520238593514917,1.0660442535661712
0.14764820155183908,1.0743761434244445
0.15012096159337246,1.0827180519363815
0.15262121447813695,1.0910725686789953
0.15514954539285486,1.0994421269068049
0.15770657203379138,1.1078290117493208
0.16029294124788182,1.1162353682190624
0.16290932639070155,1.1246632088736568
0.16555642525867098,1.1331144210418305
0.16823495848433626,1.1415907735694222
0.17094566830706323,1.1500939230702776
0.17368931764988144,1.1586254196864152
0.17646668944771976,1.1671867123748827
0.1792785861830882,1.1757791537451325
0.1821258295941793,1.1844040044754651
0.1850092605272369,1.1930624373389147
0.18792973891020123,1.2017555408684935
0.19088814382918542,1.2104843226918016
0.19388537369265657,1.2192497125634274
0.19692234647079357,1.2280525651215448
0.2,1.2368936623942446
0.20311929268015586,1.2457737170309855
0.20628120288154064,1.2546933715131654
0.20948673039774987,1.2636532029044507
0.21273689660567013,1.2726537236066646
